	UDDSE	YVRLR	OLHXN	JXCLP	FJFHS	XOOBN	AXYTF
sum	8.6731	10.0616	8.41443	8.47641	7.47641	6.15967	8.38484
